{
	"globalMember": [
		{
			"filename": "C:\\Users\\lsp\\Desktop\\ha\\hello_socket\\src\\ThemeAdapter.ts",
			"kind": "globalMember",
			"type": "{paths:string[],skins:any}",
			"name": "generateEUI",
			"memberof": "window",
			"scope": "instance"
		},
		{
			"filename": "C:\\Users\\lsp\\Desktop\\ha\\hello_socket\\src\\ThemeAdapter.ts",
			"kind": "globalMember",
			"type": "{paths:string[],skins:any}",
			"name": "generateEUI2",
			"memberof": "window",
			"scope": "instance"
		},
		{
			"filename": "C:\\Users\\lsp\\Desktop\\ha\\hello_socket\\src\\Platform.ts",
			"kind": "globalMember",
			"type": "Platform",
			"name": "platform",
			"memberof": "window",
			"scope": "instance"
		}
	]
}